doc_id,agency,date,date_precision,location,country,encounter_type,entity_count,entity_height,entity_appearance,entity_clothing,entity_behavior,communication_method,communication_content,claimant_type,claimant_firsthand,document_stance,physical_effects,pages,quote,confidence,summary
aaro-fy24-consolidated-annual-report,All-domain Anomaly Resolution Office,,,Atlantic Ocean off the coast of New York,United States,close-approach,,,,,,none,,pilot-civilian,False,investigated,,12,commercial aircrew reported a near miss with a cylindrical object,medium,A commercial aircrew reported a near miss with a cylindrical object while flying over the Atlantic Ocean off the coast of New York.
aaro-fy25-consolidated-annual-report,All-domain Anomaly Resolution Office,,,Virginia coast,United States,close-approach,,,,,,none,,military,False,investigated,,5,,high,A U.S. Navy report described approximately 100 airborne UAP and two uncrewed surface systems operating off the coast of Virginia.
aaro-historical-record-report-vol1,All-domain Anomaly Resolution Office,1947-06-23,day,"Mount Rainier, Washington",United States,close-approach,,,,,,none,,pilot-civilian,True,investigated,,14,saucer-like aircraft,high,"Kenneth Arnold reported seeing nine large circular objects flying in formation near Mount Rainier, Washington, which he described as saucer-like."
aaro-historical-record-report-vol1,All-domain Anomaly Resolution Office,1990-1999,decade,U.S. military facility,United States,entity-sighted,,,aliens,,,verbal,Scientists discussing the presence of aliens during a materials test.,civilian,True,dismissed,none,29; 31,aliens were present during specialized materials testing,medium,An interviewee claimed that in the 1990s he overheard a conversation between two military bases where scientists claimed aliens were present during a materials test.
aaro-historical-record-report-vol1,All-domain Anomaly Resolution Office,1999,year,unknown,United States,physical-trace,,,,,,verbal,Detailed description of a craft floating in a building and the program details.,civilian,False,dismissed,,29; 32,touched the surface of an extraterrestrial spacecraft,medium,An interviewee claimed a former senior U.S. military officer told him he touched an extraterrestrial spacecraft floating in a building.
aaro-historical-record-report-vol1,All-domain Anomaly Resolution Office,2009,year,foreign country,unknown,close-approach,,,,,,none,,military,True,dismissed,,29,encountered U.S. Special Forces loading containers onto a large extraterrestrial spacecraft,medium,A former U.S. service member claimed to have seen U.S. Special Forces loading containers onto a large extraterrestrial spacecraft in 2009.
aaro-historical-record-report-vol1,All-domain Anomaly Resolution Office,1966-1977,decade,"Malmstrom, Ellsworth, Vandenberg, and Minot USAF bases",United States,physical-trace,,,,,,none,,military,True,investigated,power failure; missile malfunction,30; 33,UAP destroying an ICBM loaded with a dummy warhead,medium,"Former USAF members claimed UAP sightings near ICBM silos and disruptions to operations, including power failures and a claim of a UAP destroying a dummy warhead mid-flight."
hearing-2023-07-26-house-oversight,U.S. House Committee on Oversight and Accountability,2014,year,"Warning Area W-72, off the coast of Virginia Beach",USA,close-approach,1,5 to 15 feet in diameter,dark gray or black cube inside a clear sphere,,,none,,military,True,investigated,radar errors; sensor correlation,14,"The object, described as a dark gray or a black cube inside of a clear sphere, came within 50 feet of the lead aircraft",high,"Two F-18 Super Hornets were split by a UAP described as a dark gray or black cube inside a clear sphere, which came within 50 feet of the lead aircraft."
hearing-2023-07-26-house-oversight,U.S. House Committee on Oversight and Accountability,2004-11-14,day,Off the coast of California,USA,close-approach,1,,"white Tic Tac object, longitudinal axis, no rotors, no wings, no visible control surfaces",,"moving abruptly, rapid acceleration, hovering",none,,military,True,recorded-no-comment,radar jamming; whitewater disturbance,13; 14,saw a white Tic Tac object with a longitudinal axis pointing north south and moving very abruptly over the water like a ping pong ball,high,"A white Tic Tac-shaped object was observed by multiple pilots, performing abrupt maneuvers and rapid acceleration, with no visible propulsion or control surfaces."
hearing-2023-07-26-house-oversight,U.S. House Committee on Oversight and Accountability,2003,year,Vandenberg Air Force Base,USA,close-approach,,,100-yard wide red square,,"hovering, darting off at rapid speeds",none,,civilian,False,recorded-no-comment,,24,observed a very large 100-yard sighted red square approach the base from the ocean and hover at low altitude,medium,"Boeing contractors observed a 100-yard wide red square object hovering over a launch facility, which later approached security guards at high speed."
hearing-2023-07-26-house-oversight,U.S. House Committee on Oversight and Accountability,2023,year,Gulf of Mexico,USA,close-approach,4,,orb,,"diamond formation, disarming sensors",none,,military,True,recorded-no-comment,radar malfunction; FLIR system malfunction,41,saw a sequence of four craft in a clear diamond formation,high,Test pilots observed a diamond formation of four craft over the Gulf of Mexico; one pilot approached an orb-like craft which caused sensor malfunctions.
hearing-2024-11-13-house-oversight,U.S. House Committee on Oversight and Accountability,2015,year,U.S. East Coast,USA,close-approach,,,disc-shaped object,,exhibiting flight and structural characteristics unlike anything in our arsenal,none,,military,True,investigated,near midair collisions,14; 26,"If any of you know what these are, tell me ASAP.",high,"Navy pilots encountered unidentified objects during a 2015 exercise off the U.S. East Coast, leading to near midair collisions and an urgent safety warning."
hearing-2024-11-13-house-oversight,U.S. House Committee on Oversight and Accountability,,decade,Southern California,USA,close-approach,,,aloft object with no observable exhaust or control surfaces,,entered the water from the atmosphere,none,,military,False,recorded-no-comment,transmedium travel,26,saw it enter the water from the atmosphere,medium,"A UAP was observed by watch standers on the USS Omaha off Southern California, exhibiting transmedium travel by entering the water from the atmosphere."
hearing-2024-11-13-house-oversight,U.S. House Committee on Oversight and Accountability,,unknown,Pacific Ocean,unknown,close-approach,,,large equilateral-triangle with three bright points at each bottom corner,,slowly rotate on its horizontal access,none,,military,False,recorded-no-comment,electronic device malfunctions,41,large equilateral-triangle UAP suddenly appears directly over the ships,medium,"A large equilateral-triangle UAP appeared directly over ships at night in the Pacific Ocean, observed by vessels engaged in SIGINT and MASINT collection."
hearing-2024-11-13-house-oversight,U.S. House Committee on Oversight and Accountability,,unknown,Eastern Air Defense Sector,USA,close-approach,,,"multiple metallic orbs, slightly smaller than a sedan",,"accelerated at rapid speed, intercepted and boxed in the F-22",none,,military,False,recorded-no-comment,unable to establish radar locks,41,boxed in by approximately three to six UAPs,medium,An F-22 fighter was intercepted and boxed in by multiple metallic orbs while performing an airspace surveillance mission.
hearing-2024-11-13-house-oversight,U.S. House Committee on Oversight and Accountability,,unknown,off the coast of Kuwait,Kuwait,close-approach,,,white orb,,"coming out of the ocean, joined by another orb",none,,military,False,recorded-no-comment,none,19,white orb UAP coming out of the ocean,medium,"A white orb UAP was filmed coming out of the ocean off the coast of Kuwait, later joined by a second orb."
odni-2021-preliminary-assessment,Office of the Director of National Intelligence,,,,,close-approach,,,,,,none,,military,False,debunked,,4; 5,"we identified the object as a large, deflating balloon",high,"A reported UAP incident identified as a large, deflating balloon."
059uap00013,Department of State,2023-09-12,day,Mexican Congress,Mexico,occupant-report,,,mummified humanoid-like figure,,,none,,contactee-figure,False,debunked,,5; 6,Mexican journalist Jaime Maussan presented the alleged remains of non-human beings to Congress.,high,"Mexican journalist Jaime Maussan presented two alleged alien corpses to the Mexican Congress during a hearing on UAP, which were subsequently discredited by scientists."
18_100754_general_1946-7_vol_2,,,,,,entity-sighted,,,,,,none,,unknown,False,investigated,,24,,low,"A report of flying discs sighted by a radar station in Japan, mentioned by Dr. Charles Carroll."
18_100754_general_1946-7_vol_2,,,,,Mexico,claimed-contact,,,,,,none,,civilian,False,dismissed,,18; 19; 20; 21,Flying Discs are being fired from a locality in Central Mexico from a laboratory which is being operated by the Russians.,medium,Mrs. Madeline Gwynne Merchant claims flying discs are being fired from a laboratory in Central Mexico operated by Russians to target U.S. atomic and aircraft installations.
18_6369445_general_1948_vol_1,Department of War,1948-05-08,day,"Hobson, Ohio",USA,close-approach,,,,,,none,,civilian,False,recorded-no-comment,phosphorescent trail,2; 3,"round, phosphorescent... Great amount of speed",medium,"Four witnesses observed a round, phosphorescent object with a phosphorescent trail moving at great speed at an altitude of 6 to 8 miles."
18_6369445_general_1948_vol_1,Department of War,1948-03-05,day,"Bakersfield, California",USA,close-approach,,,,,,none,,civilian,False,investigated,smoke and debris trailing,16,Description of objects similar to falling aircraft with smoke and debris trailing.,medium,Witnesses reported two objects falling to earth resembling aircraft with smoke and debris trailing.
18_6369445_general_1948_vol_1,Department of War,1948-03-08,day,"Bakersfield, California",USA,close-approach,,,,,,none,,civilian,False,investigated,fire; red and black smoke trailing,16,One object seemed to be on fire with red and black smoke trailing behind.,medium,"Witness reported two objects falling to earth north of Bakersfield, one appearing to be on fire with red and black smoke trailing."
255_413270_ufo's_and_defense_what_should_we_prepare_for,NASA,1965-07-01,day,Valensole,France,occupant-report,,,two small beings,,,none,,civilian,True,investigated,depression in ground; cylindrical hole; dried up lavender,24,"Maurice Masse indicated that he was totally immobilized in place, numbed and paralyzed",high,Maurice Masse observed a craft land in his lavender field and encountered two small beings who paralyzed him with a tube-like device.
255_413270_ufo's_and_defense_what_should_we_prepare_for,NASA,1967-08-29,day,Cussac,France,occupant-report,4,1.20 m,"small black beings, height not exceeding 1.20 m",none,,none,,civilian,True,investigated,sulfur odor; physiological disorders; eye irritation,24; 25,small black beings whose height did not exceed 1.20 m,high,Two children observed four small beings and a sphere; the beings used a mirror-like object to blind them.
255_413270_ufo's_and_defense_what_should_we_prepare_for,NASA,1989,year,Astrakhan,Russia,close-approach,,,three bright disks,,"hovering to high speed, silent, evasive",none,,military,False,investigated,engine stall,50,,medium,"Military personnel at an Astrakhan missile base observed three bright disks performing extraordinary maneuvers, including hovering and high-speed flight without noise, and outmaneuvering a fighter jet."
255_413270_ufo's_and_defense_what_should_we_prepare_for,NASA,1990-03-21,day,Pereslav-Zalesski,Russia,close-approach,,,silent discoid object,,hovering to supersonic speed,none,,military,False,investigated,,50,,medium,"A silent discoid object was observed by multiple witnesses and radar, performing maneuvers at speeds two or three times faster than a modern fighter jet."
255_413270_ufo's_and_defense_what_should_we_prepare_for,NASA,2001-01-26,day,Barnaul airport,Russia,close-approach,,,luminescent object,,hovering,none,,civilian,False,recorded-no-comment,,93,,high,"A luminescent object hovered above the runway of Barnaul airport, causing cargo aircraft crews to refuse takeoff and landing."
331_120752_numeric_files_1944–1945_37153_german_armament_equipment_documents,Department of War,1945-03-01,day,vicinity F-5710,Germany,close-approach,,,,,,none,,pilot-civilian,True,investigated,deflated; red flame,3; 6; 7; 9,"An aluminum coloured cylinder shaped object, about 12 feet long and 1 foot in diameter was observed floating in the air",high,"A 107th P.R. Squadron pilot reported a long cylindrical object, 12 feet long and 1 foot in diameter, floating vertically at 9,000 feet. The object had small fins and a mast. It was attacked, partially deflated, and emitted a red flame without smoke."
341_110448_records_relating_to_the_collection_and_dissemination_of_intelligence_1948-1955-ts_cont_no.2_2-5300-2-5399,Department of War,1948,year,a lake in Sweden,Sweden,physical-trace,,,,,,none,,civilian,False,investigated,uncharted crater on lake floor,5,these phenomena are obviously the result of a high technical skill which cannot be credited to any presently known culture on earth,medium,A Swedish technical expert observed a flying saucer crash or land in a lake; a subsequent naval salvage operation discovered an uncharted crater on the lake floor.
341_110677_numerical_file_5-2500,Department of War,1955-10-04,day,Between Atjaty and Adzhijabul,USSR,close-approach,2,,"Round, circular, disc-shaped, resembling a discus; outer surface revolved slowly clockwise; two stationary lights on top.",,"Ascended almost vertically at slow speed to 6000 feet, then increased speed sharply in horizontal flight heading north.",none,,government-civilian,True,investigated,sparks or flame from aircraft; searchlight beams pointing vertically,2; 3; 4; 5,Two round and circular unconventional aircraft resembling flying discs or flying saucers were seen taking off almost vertically one minute apart.,high,"Three U.S. observers, including Senator Richard Russell, witnessed two unconventional disc-shaped aircraft take off vertically near a rail line in the Trans Caucasus region of the USSR."
342_hs1-416511228_box186_319.1-flying-discs-1949,Department of War,1950-01-06,day,"Kansas City and Olathe, Kansas",USA,close-approach,2,,"spherical, brilliant white, orange and red flashes",,,none,,civilian,False,recorded-no-comment,,1,They appeared to be the size of old fashioned street lights about two blocks distant.,medium,"Two spherical objects sighted over Kansas City and Olathe, Kansas, motionless for 10-15 minutes before moving off fast."
342_hs1-416511228_box186_319.1-flying-discs-1949,Department of War,1949-09-20,day,"Griffiss Air Force Base, Rome, New York",USA,close-approach,1,,"silvery or aluminum, cylindrical",,slow descent into overcast,none,,military,True,recorded-no-comment,flame exhaust,3; 4; 5; 6,The flame appeared more than twice the length of the object.,high,"Cylindrical object with orange and white flame exhaust sighted by pilot at 20,000 feet."
342_hs1-416511228_box186_319.1-flying-discs-1949,Department of War,1949-08-22,day,"Seattle, Washington",USA,close-approach,1,10-15 feet,"circular, shiny aluminum",,,none,,military,True,recorded-no-comment,,9; 10,bore no resemblance to any aircraft they had ever seen before,high,"Circular shiny aluminum object sighted over Seattle, Washington."
342_hs1-416511228_box186_319.1-flying-discs-1949,Department of War,1949-07-26,day,"Spokane, Washington",USA,close-approach,8,,dish shaped,,,none,,civilian,False,recorded-no-comment,,15; 16,"formation of eight (8) dish shaped objects, each larger than a B-29",medium,Formation of eight dish-shaped objects sighted above a B-29.
342_hs1-416511228_box186_319.1-flying-discs-1949,Department of War,1949-08-08,day,"Medford, Oregon",USA,close-approach,1-7,,shiny,,"maneuvered horizontally, formation flying",none,,civilian,False,recorded-no-comment,,18; 19; 20,distinguish wings on the objects but no further identification could be detected,medium,Multiple shiny objects sighted maneuvering horizontally.
342_hs1-416511228_box186_319.1-flying-discs-1949,Department of War,1949-07-30,day,"Portland, Oregon",USA,close-approach,1,,two red lights and one white light,,"followed aircraft, turned to southeast",none,,civilian,True,recorded-no-comment,,25; 26,appeared to pull away from him quite easily,high,Object with red and white lights followed an airline flight.
342_hs1-416511228_box186_319.1-flying-discs-1949,Department of War,1949-07-24,day,"Mountain Home, Idaho",USA,close-approach,7,,"delta wings, dark circular structure on bottom",,"V-formation, 180 degree turn",none,,civilian,True,recorded-no-comment,,28; 29; 30,dark circular bulge on the bottom side of the objects,high,Seven delta-wing objects in V-formation with dark circular structure on bottom.
342_hs1-416511228_box186_319.1-flying-discs-1949,Department of War,1949-07-19,day,"Columbus, Ohio",USA,close-approach,1,,"flying wing, swept back wings, luminous",,,none,,civilian,False,recorded-no-comment,,32; 33,Humming noise instead of rushing noise,medium,Flying wing type object with luminous appearance.
342_hs1-416511228_box186_319.1-flying-discs-1949,Department of War,1949-06-10,day,"Boston, Massachusetts",USA,close-approach,1,100 feet long,"tubular, white",,,none,,military,True,recorded-no-comment,,37; 38; 39; 40,Glint of light on canopy,medium,Tubular white object sighted by pilot.
342_hs1-416511228_box186_319.1-flying-discs-1949,Department of War,1949-05-02,day,"Elko, Nevada",USA,close-approach,3,30 feet diameter,flying discs,,,none,,civilian,False,recorded-no-comment,,43; 44,appeared to be three flying discs,medium,"Three flying discs sighted near Elko, Nevada."
342_hs1-416511228_box186_319.1-flying-discs-1949,Department of War,1949-02-11,day,"Curling, Newfoundland",Canada,close-approach,1,,"burning object, flaming exhaust",,,none,,civilian,False,recorded-no-comment,,71; 73,flaming exhaust estimated to be two hundred yards long,medium,Burning object sighted by two witnesses.
342_hs1-416511228_box186_319.1-flying-discs-1949,Department of War,1949-02-06,day,San Andres Islands,Nicaragua,close-approach,3,12-14 inches diameter,"round, silver-colored sphere",,,none,,civilian,False,recorded-no-comment,,75; 77,changed color from silver to yellow to red,medium,Three aerial objects sighted by ship officers.
342_hs1-416511228_box186_319.1-flying-discs-1949,Department of War,1949-02-07,day,"Fort Knox, Kentucky",USA,close-approach,1,,"bright green, yellow, red",,rotating,none,,military,True,recorded-no-comment,,79; 80; 81,disappeared in SW completely after a series of bright flashes,high,Bright rotating object sighted by weather observers.
342_hs1-416511228_box186_319.1-flying-discs-1949,Department of War,1949-01-01,day,"Jackson, Mississippi",USA,close-approach,1,60 feet long,"cigar-shaped, dark blue or black",,,none,,civilian,True,recorded-no-comment,,116; 117; 120; 132; 133; 136,Cigar like. Not unlike sleeve target.,high,Cigar-shaped object sighted by pilot.
342_hs1-416511228_box186_319.1-flying-discs-1949,Department of War,1948-11-17,day,"Alberta, Canada",Canada,close-approach,1,50 feet,"egg shaped with tail, bright flaming orange",,,none,,military,True,recorded-no-comment,,121; 141,Bright flaming orange,high,Egg-shaped object with tail sighted by radio operator.
342_hs1-416511228_box186_319.1-flying-discs-1949,Department of War,1948-12-11,day,"Martinsburg, West Virginia",USA,close-approach,1,,"brilliant flare, red to blue to red",,,none,,military,True,recorded-no-comment,,122; 124; 126; 128,Object appeared as a brilliant flare in the sky.,high,Brilliant flare-like object sighted by pilot.
342_hs1-416511228_box186_319.1-flying-discs-1949,Department of War,1948-12-08,day,"Chanute Air Force Base, Illinois",USA,close-approach,1,,"round, bright white",,,none,,military,True,recorded-no-comment,,137; 138; 139; 140,three or four times as large as a star,high,Bright white round object sighted by weather observers.
342_hs1-416511228_box186_319.1-flying-discs-1949,Department of War,1949-01-04,day,"Hickam Field, Hawaii",USA,close-approach,1,size of AT-6,"round, flat white cardboard, dark top",,"oscillating, circling",none,,military,True,recorded-no-comment,,90; 91; 92; 93; 94; 95; 97; 98,"large round piece of flat white cardboard, oscillating continually",high,White cardboard-like object sighted by AACS officer.
342_hs1-416511228_box186_319.1-flying-discs-1949,Department of War,1948-12-03,day,"Fairfield-Suisun AFB, California",USA,close-approach,1,30 inches diameter,"round light, colorless white",,"undulating, vertical climb",none,,military,True,recorded-no-comment,,99; 100; 101; 103; 104; 105; 106; 107; 108; 109; 110; 111; 112; 113; 114,brilliant but by no means blinding,high,Illuminated object sighted over Fairfield-Suisun AFB.
38_143685_box7_incident_summaries_1-100,Department of War,1947-07-07,day,"Muroc Army Air Field, California",USA,close-approach,,,yellowish-white sphere,,oscillating in a forward whirling movement,none,,military,True,recorded-no-comment,,9; 10,oscillating in a forward whirling movement without losing altitude,high,"Major J. C. Wise observed a yellowish-white spherical object, 5-10 feet in diameter, oscillating in a forward whirling movement."
38_143685_box7_incident_summaries_1-100,Department of War,1947-07-08,day,"Rogers Dry Lake, California",USA,close-approach,,,"silvery, ovular, two projections on upper surface",,rotation or oscillation,none,,military,True,recorded-no-comment,,11; 12,"presented a distinct ovular outline, with two (2) projections on the upper surface",high,"Captain John Paul Strapp observed a silvery, ovular object with two projections on the upper surface, suggesting rotation or oscillation."
38_143685_box7_incident_summaries_1-100,Department of War,1947-06-24,day,"Mt. Rainier, Washington",USA,close-approach,,,"mirror-like, circular, 45-50 ft span",,swerved in and out of high mountain peaks,none,,pilot-civilian,True,recorded-no-comment,,36; 37,chain of 9 peculiar looking craft,high,"Kenneth Arnold observed a chain of 9 mirror-like, circular craft flying in a diagonal chain-like line."
38_143685_box7_incident_summaries_1-100,Department of War,1947-07-04,day,"Emmett, Idaho",USA,close-approach,,,"thin and smooth on bottom, rough on top",,loose formation,none,,pilot-civilian,True,recorded-no-comment,,25; 26,thin and smooth on the bottom and rough appearing on top,high,"Capt. E. J. Smith and crew observed nine flying discs near Emmett, Idaho, described as thin and smooth on the bottom and rough on top."
38_143685_box7_incident_summaries_1-100,Department of War,1948-01-07,day,"Godman Field, Kentucky",USA,close-approach,,,"metallic, circular, tremendous size",,"climbing, moving at high speed",none,,military,True,recorded-no-comment,,65; 66; 67; 68; 71; 72; 73; 74; 75; 76; 77; 78,appears metallic of tremendous size,high,"Capt. Thomas F. Mantell and other observers tracked a large, metallic, circular object that climbed and moved at high speed."
38_143685_box7_incident_summaries_101-172,Department of War,1948-02-18,day,"Stockton, Kansas",USA,close-approach,,,"funnel-shaped, 4 feet long",,"hovered, wobbled, belched fire, showered sparks",none,,civilian,True,investigated,heat; fire,5,"The thing was about 4' long, shaped something like a funnel.",high,"Leland Sammons observed a funnel-shaped object hovering near his house, which wobbled, emitted fire, and showered sparks before departing rapidly."
38_143685_box7_incident_summaries_101-172,Department of War,1948-04-01,day,Unknown,USA,close-approach,,,"silver, half-moon shape, dorsal fin",,"leveled out, accelerated rapidly",none,,military,True,investigated,,34,"The object appeared to be a flying wing aircraft, its shape resembled a half moon.",high,"Lt. Meyers observed a silver, half-moon shaped flying wing aircraft that performed rapid maneuvers and disappeared."
38_143685_box7_incident_summaries_101-172,Department of War,1948-04-09,day,"Montgomery, Alabama",USA,close-approach,,,"silver, parachute-like top, dark cable, silver canister",,flew away on a horizontal plane,none,,military,True,investigated,,49; 50; 51,"Top part of the object approximately eight feet in diameter, silver in color, had the appearance of a parachute.",high,"Lt. Col. Robert B. Hughes observed a silver, parachute-like object with a canister suspended by a cable."
38_143685_box7_incident_summaries_101-172,Department of War,1948-04-11,day,"Alton, Illinois",USA,entity-sighted,,,"huge fowl, bigger than an airplane",,flying,none,,civilian,True,recorded-no-comment,,74; 75,Resembled a huge fowl and not a type of aircraft,medium,Col. W. F. Siegmund observed a creature resembling a huge fowl that was bigger than an airplane.
38_143685_box7_incident_summaries_101-172,Department of War,1948-05-28,day,"6 miles east of Monroe, Michigan",USA,close-approach,5,300 to 400 ft,"silvery-gold, hazy or fuzzy outline",,"maintained smooth track, abrupt turns",none,,military,True,recorded-no-comment,,94,Objects maintained smooth track thru sky,high,Lt Kokolonis observed 5 silvery-gold disc-shaped objects flying in a stepped-up formation at high speed.
38_143685_box7_incident_summaries_101-172,Department of War,1948-05-28,day,"6 miles due east of Monroe, Michigan",USA,close-approach,2,4 feet,"shiny brass, round",,pursued straight course,none,,military,True,recorded-no-comment,,95,Appeared to be four feet in diameter,high,"M/Sgt Ernest Davis, Jr. observed 2 shiny brass round objects flying a straight course."
38_143685_box7_incident_summaries_101-172,Department of War,1948-08-15,month,"Weaver, S.D.",USA,close-approach,12,100+ ft,"yellowish-white, brilliant, elliptical",,tight diamond-shaped formation,none,,military,True,recorded-no-comment,,96,tight diamond-shaped formation,high,"Maj Elmer H. Hammer, Jr. observed 12 elliptical yellowish-white objects in a tight diamond formation."
38_143685_box7_incident_summaries_101-172,Department of War,1948-07-08,day,"Columbus, Ohio",USA,close-approach,2,,"silver, cigar-shaped, blunt front",,bobbed up and down,none,,civilian,True,investigated,,102; 104; 105,looked like something going through air currents,high,"Mrs. Wilda Zittak observed 2 silver, cigar-shaped objects through binoculars that bobbed up and down."
38_143685_box7_incident_summaries_101-172,Department of War,1948-07-24,day,"20 miles south of Montgomery, Ala",USA,close-approach,1,100 ft,"cigar-shaped, two rows of windows, blue glow underneath, shooting flame from rear",,pulled up into clouds,none,,civilian,True,recorded-no-comment,,114; 118,"two rows of windows, which indicated an upper and lower deck",high,Pilot Clarence Shipe Chiles and Co-Pilot John B. Whitted observed a cigar-shaped craft with two rows of windows and a blue glow underneath.
38_143685_box7_incident_summaries_101-172,Department of War,1948-07-09,day,"Fielding Lake, Alaska",USA,close-approach,20,,"grayish-black, spheroid or disc-shaped",,jockeyed back and forth in shotgun blast pattern,none,,military,True,recorded-no-comment,,121; 122,jockeyed back and forth in the group formation,high,1st Lt Dominick J. Caramia and Thomas B. Carpenter observed approximately 20 grayish-black spheroid or disc-shaped objects.
38_143685_box7_incident_summaries_101-172,Department of War,1948-08-11,day,"Hamel, Minnesota",USA,landing,1,2 feet,"dull gray, round, metallic",,"landed, spun, whistled, maneuvered around wires",none,,civilian,False,investigated,ground dented; rocks leveled,158; 159,settled to the ground gently - much as a balloon,high,"Two children observed a dull gray, round object land in their backyard, spin, whistle, and maneuver around wires."
38_143685_box7_incident_summaries_101-172,Department of War,1948-07-31,day,"Indianapolis, Indiana",USA,close-approach,1,6 to 8 ft,"flat white, cymbal-shaped",,"shimmered, appeared to spin",none,,civilian,True,investigated,,135; 136,shaped like a cymbal with smooth surfaces,high,"Mr. and Mrs. Vernon Swigert observed a white, cymbal-shaped object that shimmered and appeared to spin."
38_143685_box7_incident_summaries_173-233,Department of War,1947-10,month,"Golden Gate Park, San Francisco, Calif",USA,physical-trace,,,,,,none,,civilian,True,dismissed,bruise,18; 19,He felt something like an electric arc which seemed to have the power to lower his hand like a sack of shot,low,"Observer reported a mysterious light in Golden Gate Park that illuminated the ocean and caused a physical sensation like an electric arc, resulting in a new bruise on his hand."
38_143685_box7_incident_summaries_173-233,Department of War,18 Nov 1948,day,"Andrews AF Base, Camp Springs, Md",USA,close-approach,1,,"oval, dull gray/whitish-grey, no wings or tail",,"evasive, tight circles, vertical climbs, high acceleration",none,,military,True,investigated,dull glow,83; 84; 85; 86,Object was highly maneuverable.,high,"Lt. Jackson and Lt. Combs reported an oval object with no wings or tail circling Andrews AF Base for 15-18 minutes, performing evasive maneuvers and vertical climbs."
38_143685_box7_incident_summaries_173-233,Department of War,12 Nov 1948,day,"Clark AF Base, Philippine Islands",Philippines,close-approach,1,,"snow-white, straight body tapering to a point, no tail, windows",,"reconnaissance, flying through clouds",none,,military,True,dismissed,exhaust trail,81; 82,It appeared to be sky writing,medium,"Sgt. Wright observed a snow-white, wingless object with a straight body tapering to a point, appearing to have windows, flying intermittently through clouds."
38_143685_box7_incident_summaries_173-233,Department of War,1 Jan 1949,day,"Jackson, Mississippi",USA,close-approach,1,,"cigar-shaped, dark blue or black, 60ft long, 10ft wide",,"accelerated, made 50 degree turn",none,,civilian,True,investigated,,138; 139,"as the object made its turn, it was then that I noticed the object didn't have wings.",high,Mr. and Mrs. Tom Rush observed a dark blue/black cigar-shaped object without wings that crossed their flight path and accelerated.
65_hs1-101634279_100-de-26505,FBI,1944,year,Gut Alt Golssen,Germany,close-approach,,,"circular vehicle, 75-100 yards in diameter, 14 feet high, with a rapidly moving middle section",,rose vertically to clear a 50-foot wall and moved horizontally,none,,civilian,True,recorded-no-comment,engine stall; high-pitched whining noise,9; 10; 13,vehicle was observed to slowly rise vertically to a height sufficient to clear the wall,high,"Wladyslaw Krasuski, a former POW, reported observing a large circular vehicle in 1944 near Gut Alt Golssen, Germany, which rose vertically from an enclosure. He noted that tractor engines stalled in the area when a high-pitched whining noise was present."
65_hs1-834228961_62-hq-83894_section_1,FBI,1947-07-06,day,"Grafton, Wisconsin",USA,physical-trace,0,none,none,none,none,none,,civilian,True,debunked,mild explosion; heat,2; 24; 46; 48; 49; 50; 56,"The object still was warm, weighed about four or five pounds and was about one eighth of an inch thick",high,"A Catholic priest in Grafton, Wisconsin, reported a metal disc crashed into his yard, which he held for the FBI; it was later identified as a circular saw blade with wires and tubes attached."
65_hs1-834228961_62-hq-83894_section_1,FBI,1947-07-04,day,"St. Maries, Idaho",USA,landing,8,size of a five-room house,none,none,fluttered like leaves to the ground,none,,civilian,False,recorded-no-comment,,4; 50; 52,fluttered like leaves to the ground,medium,"An Idaho housewife reported seeing a fleet of eight saucer-shaped objects land on a mountainside near St. Maries, Idaho."
65_hs1-834228961_62-hq-83894_section_1,FBI,1947-07-07,day,"Omaha, Nebraska",USA,physical-trace,0,none,none,none,none,none,,civilian,True,debunked,extreme heat; scorch marks,11; 13; 14; 15,burning with extreme heat,high,"A resident of Omaha, Nebraska, reported a flaming, solid circular disc dropped in the street in front of his house, burning with extreme heat."
65_hs1-834228961_62-hq-83894_section_1,FBI,1947-07-07,day,"Shreveport, Louisiana",USA,physical-trace,0,none,none,none,whirling,none,,civilian,False,recorded-no-comment,fire; smoke,72,DISC WHIRLING WHEN SEEN IN AIR AND FIRE SEEN SPOUTING FROM SIDES,high,"A resident of Shreveport, Louisiana, reported a circular disc whirring in the air with fire spouting from its sides before landing."
65_hs1-834228961_62-hq-83894_section_1,FBI,1947-07-11,day,"Twin Falls, Idaho",USA,physical-trace,0,none,none,none,none,none,,civilian,False,recorded-no-comment,burned wiring,79,"A disc 30½"" in diameter, circular in shape, it is dished like a saucer",high,"A resident of Twin Falls, Idaho, reported finding a circular disc with a plastic dome and radio tubes in a neighbor's yard."
65_hs1-834228961_62-hq-83894_section_1,FBI,1947-07-09,day,"North Hollywood, California",USA,physical-trace,,,,,,none,,civilian,False,debunked,flames; ground traces,94,definitely a hoax,high,"A 'flying disc' reported to have landed in a garden, burst into flames, and was extinguished by the fire department."
65_hs1-834228961_62-hq-83894_section_1,FBI,1947-07-15,day,"Seattle, Washington",USA,physical-trace,,,,,,none,,civilian,False,debunked,flames; charred cloth,99; 101,definitely not of AAF origin,high,"A 'flying disc' reported to have landed on a roof, burning and then extinguished."
65_hs1-834228961_62-hq-83894_section_1,FBI,1947-07-07,day,"West Rindge, New Hampshire",USA,physical-trace,,,,,,none,,civilian,False,investigated,burns; metallic fragments,106; 108,small burned spots about one and one half inches in diameter,high,Small burned spots found on a lawn following reports of smoke and metallic fragments.
65_hs1-834228961_62-hq-83894_section_1,FBI,1947,year,Germany,Germany,entity-sighted,,,,,,none,,civilian,True,recorded-no-comment,,147; 148,descending slowly... suddenly it dropped in a spiral motion,medium,Witness reported seeing a strange object in the sky that descended in a spiral motion and disappeared.
65_hs1-834228961_62-hq-83894_section_1,FBI,1947-07-04,day,"Portland, Oregon",USA,entity-sighted,,,,,,none,,federal-le,True,recorded-no-comment,,183,"three flat round discs, having a white color to them",high,Witness reported seeing three flat round discs flying at high speed.
65_hs1-834228961_62-hq-83894_section_10,FBI,1966-03-21,day,"Detroit, Michigan",USA,entity-sighted,,,,,,none,,civilian,False,recorded-no-comment,,15,,medium,"A 17-year-old boy reported seeing a high-altitude object with white lights moving north, and two other individuals reported an object that stopped and changed colors from red to green to amber."
65_hs1-834228961_62-hq-83894_section_10,FBI,1966-03-21,day,"Detroit, Michigan",USA,entity-sighted,,,,,,none,,civilian,False,recorded-no-comment,,15,,medium,A 15-year-old girl reported a motionless object with flashing lights hovering over the John Lodge Expressway.
65_hs1-834228961_62-hq-83894_section_10,FBI,1966-03-21,day,"Detroit, Michigan",USA,entity-sighted,,,,,,none,,civilian,False,recorded-no-comment,,15,,medium,"A 39-year-old man reported an object with rotating red, yellow, and green lights near his home."
65_hs1-834228961_62-hq-83894_section_10,FBI,1966-03-21,day,"Detroit, Michigan",USA,entity-sighted,,,,,,none,,civilian,False,recorded-no-comment,,15,,medium,A 17-year-old girl reported an object that stopped twice and flashed lights while traveling east to west.
65_hs1-834228961_62-hq-83894_section_10,FBI,1966-11-29,day,"Princeton, West Virginia",USA,entity-sighted,,,,,,none,,civilian,True,recorded-no-comment,,41,I have personally seen two of them.,high,"Police Chief Joe Thorn reported personally sighting two UFOs, one in daylight under low cloud cover and another at approximately 2,000 feet altitude."
65_hs1-834228961_62-hq-83894_section_10,FBI,1967-01-18,day,"Chesapeake, Virginia",USA,claimed-abduction,several,not more than 4 feet,"undersized creatures, human-like",regular trouser pants and T-shirts,,none,,civilian,True,recorded-no-comment,missing time,51,He believes that he was taken into this craft which he recalls as being made of a glass like substance,high,"James C. Collins reported being taken into a transparent, glass-like craft by undersized creatures (approx. 4 feet tall) wearing T-shirts and trousers, and being transported for an hour."
65_hs1-834228961_62-hq-83894_section_10,FBI,1944-11,month,"Black Forest, Austria",Austria,close-approach,,,,,,none,,civilian,True,recorded-no-comment,,63; 64; 65; 66; 68; 69,"It was saucer shaped, about twenty-one feet in diameter, radio controlled, and mounted several jet engines",high,"Paul L. Peyerl claimed to have photographed a saucer-shaped, radio-controlled aircraft in 1944 while serving as a test pilot in the Black Forest, Austria."
65_hs1-834228961_62-hq-83894_section_10,FBI,1967-07,month,"Dallas, Texas",USA,claimed-contact,,,,,,unknown,"Information regarding UFO sightings, antimissile missile firings, and extraterrestrial activity.",civilian,True,investigated,,102; 103; 105; 107; 109,"She stated in July, 1967, she met a being from another planet who had assumed earthly form.",high,"A young woman reported meeting a being from another planet in July 1967 who assumed earthly form and departed on August 21, 1967. She also claimed to have received messages from non-earthly sources regarding UFO sightings and incidents."
65_hs1-834228961_62-hq-83894_section_10,FBI,1963-12-07,day,"Moorestown, New Jersey",USA,close-approach,,,cleverly designed missile camouflaged to appear as a meteor or flying saucer,,,none,,civilian,True,dismissed,explosion,127; 129; 130,I claimed that the object which I seen was laying air mines and that this aircraft was destroyed by contact with one of these mines.,high,"An individual reported observing an unusual object in the sky at Moorestown, New Jersey, on December 7, 1963, which he claimed was laying air mines that caused a Pan American aircraft to explode the following day."
65_hs1-834228961_62-hq-83894_section_10,FBI,1973-03-09,day,"Waco, Texas",USA,occupant-report,,,Man in Air Force uniform with chaplain's badge,,,none,,civilian,False,investigated,,161; 162; 163,Ozanne was described as having on an Air Force uniform with a chaplain's badge on the uniform.,high,"A man identifying himself as Dave T. Ozanne, wearing an Air Force uniform with a chaplain's badge, inquired about UFO sightings at a newspaper office while carrying a folder marked 'Top Secret' containing photos of military installations."
65_hs1-834228961_62-hq-83894_section_2,FBI,1947-08-03,day,"Hackensack, New Jersey",USA,entity-sighted,,,,,,none,,civilian,True,investigated,,4; 6; 7,,high,"Two men observed a round, black object, 30-40 inches in diameter, moving horizontally at a steady rate without rays or exhaust."
65_hs1-834228961_62-hq-83894_section_2,FBI,1947-07-09,day,"Midland, Michigan",USA,physical-trace,,,,,,none,,civilian,True,investigated,fused sand; metallic residue; ammonia odor; low-level radioactivity,8; 10; 14,,medium,"A couple observed a ball of white light burning near the ground, leaving behind fused sand and metallic material."
65_hs1-834228961_62-hq-83894_section_2,FBI,1947-08-06,day,"Myrtle Creek, Oregon",USA,entity-sighted,,,,,,none,,civilian,True,investigated,,52; 53; 54,,high,"A pilot and student observed a spherical object, estimated 30-50 feet in diameter, traveling at high speed and climbing rapidly."
65_hs1-834228961_62-hq-83894_section_2,FBI,1947-08-19,day,"Twin Falls, Idaho",USA,entity-sighted,,,,,,none,,civilian,True,investigated,,57; 59; 61,,high,Multiple witnesses observed groups of triangularly-formed illuminated objects flying over the city.
65_hs1-834228961_62-hq-83894_section_2,FBI,1947-09-03,day,"Oswego, Oregon",USA,entity-sighted,,,,,,none,,civilian,True,investigated,,92; 94,,high,"A woman and two children observed approximately two dozen round silver objects, platter-shaped, high in the sky."
65_hs1-834228961_62-hq-83894_section_2,FBI,1947-09-17,day,"Rix Ledges, north of Lebanon, N.H.",USA,close-approach,,,,,,none,,civilian,True,investigated,glare of the sun,100,I observed a so-called flying saucer.,high,"Superintendent of Schools A. Courtney Parker observed a white, ball-shaped object followed by a saucer-shaped object moving noiselessly from the East."
65_hs1-834228961_62-hq-83894_section_2,FBI,1947-07-07,day,"Phoenix, Arizona",USA,close-approach,,,"dark, odd-shaped ship, 20-30 feet in diameter, green house in center",,,none,,civilian,True,investigated,no noise audible,117; 118,I observed to the northeast what appeared to be an odd shaped ship.,high,"William Albert Rhodes observed an odd-shaped ship, 20-30 feet in diameter, making a spiral maneuver before banking into the clouds."
65_hs1-834228961_62-hq-83894_section_2,FBI,1947-09-11,day,"Portland, Oregon",USA,close-approach,,,,,,none,,federal-le,False,recorded-no-comment,,120,an object similar in size to a weather balloon,medium,"Chief of Police Leon V. Jenkins observed a bright metal object, similar to a weather balloon, traveling rapidly."
65_hs1-834228961_62-hq-83894_section_2,FBI,1947-09-06,day,"Shouns, Tennessee",USA,close-approach,,,football-shaped,,,none,,civilian,False,recorded-no-comment,,122,object which he described as being shaped like football,medium,Mrs. G. H. Stockton and Hugh Jennings observed a football-shaped object turning end over end at constant altitude.
65_hs1-834228961_62-hq-83894_section_2,FBI,1947-06-24,day,"Cascade Mountains, Oregon",USA,close-approach,,,,,,none,,civilian,True,investigated,compass acted very peculiar,127,saw a disc proceeding in a southeasterly direction.,high,"Fred M. Johnson observed a disc-shaped object with a tail, approximately 30 feet in diameter, while prospecting."
65_hs1-834228961_62-hq-83894_section_2,FBI,1947-06-24,day,"Mt. Rainier, Washington",USA,close-approach,,,"disc-like, crescent-shaped, mirror bright",,,none,,pilot-civilian,True,investigated,,164; 165; 166; 167,I observed a chain of nine peculiar looking aircraft,high,Kenneth Arnold observed nine disc-like objects flying in a chain-like formation near Mt. Rainier.
65_hs1-834228961_62-hq-83894_section_2,FBI,1947-07-09,day,"Boise, Idaho",USA,close-approach,,,black and round,,,none,,pilot-civilian,True,investigated,,169; 170; 171; 172; 173,there suddenly appeared in the left hand portion of my field of vision an object which was black and round.,high,"David N. Johnson observed a black, round object performing erratic maneuvers while flying an AT-6 aircraft."
65_hs1-834228961_62-hq-83894_section_2,FBI,1947-07-29,day,"Hamilton Field, California",USA,close-approach,,,"solid, white, shiny, ball-like on bottom",,,none,,military,True,investigated,,186,two flying objects traveling the same direction as the P-80.,high,"Captain William H. Ryherd observed two shiny, ball-like objects traveling at high speed."
65_hs1-834228961_62-hq-83894_section_2,FBI,1947-06-28,day,"Lake Meade, Nevada",USA,close-approach,,,"white, circular, 36 inches in diameter",,,none,,military,True,investigated,,189,"sighted five or six white, circular objects",high,"Lt. Eric B. Armstrong observed five or six white, circular objects flying in close formation."
65_hs1-834228961_62-hq-83894_section_2,FBI,1947-08-04,day,"Bethel, Alaska",USA,close-approach,,,"smooth surfaced, streamlined, larger than DC-3",,,none,,pilot-civilian,True,investigated,,183,sighted and followed a flying saucer Northwest of Bethel Alaska.,high,"Captain Jack Peck and Vince Daly observed a smooth, streamlined object larger than a DC-3 crossing their course."
65_hs1-834228961_62-hq-83894_section_2,FBI,1946-09-01,month,"Rehoboth Beach, Delaware",USA,close-approach,,,"projectile, 15 inches diameter, spurting flames",,,none,,pilot-civilian,True,investigated,,192,projectile approximately fifteen inches in diameter which crossed his course,high,Horace P. Wenyon observed a projectile-like object with spurting flames traveling at high speed.
65_hs1-834228961_62-hq-83894_section_3,FBI,1947-06-24,day,"Mt. Adams, Washington",USA,entity-sighted,,,"Round, 30 feet in diameter, oval-shaped, bright top surface, tail object like a clock hand.",,,none,,civilian,True,investigated,,4,they were Round about 30 foot in dimater tapering sharply to a point in the head end in an oval shape.,high,"F. M. Johnson reported seeing a formation of round, oval-shaped flying discs near Mt. Adams on June 24, 1947, while prospecting."
65_hs1-834228961_62-hq-83894_section_3,FBI,1947-08-14,day,"Harmon Field, Guam",Guam,entity-sighted,,,"Small, crescent-shaped.",,"Traveling at twice the speed of a fighter plane, zig-zag course.",none,,military,False,recorded-no-comment,,6,"small, crescent shaped and traveling at a speed twice that of a fighter plane",medium,"Three enlisted men at Harmon Field, Guam, reported seeing two small, crescent-shaped objects traveling at high speed on a zig-zag course."
65_hs1-834228961_62-hq-83894_section_3,FBI,1947-06-21,day,"Maury Island, Washington",USA,physical-trace,,,"Round, flattened, 100 feet across, 25-foot center hole, portholes.",,,none,,civilian,True,debunked,boat damage; dog killed; debris/lava dropped,15; 16; 33; 35; 36; 41; 44; 51; 52; 53; 54; 55; 56,Five flying discs came down out of the clouds and circled slowly around the bay,high,"Harold Dahl and Fred Crisman claimed that flying discs dropped debris on their boat near Maury Island, killing a dog and damaging the boat."
65_hs1-834228961_62-hq-83894_section_3,FBI,1947-08-14,day,"Placerville, California",USA,physical-trace,,,"Rocket-shaped, 4-6 feet long, 10-14 inches wide, bright chromium color.",,"Shallow dive, high speed.",none,,civilian,True,investigated,puff of smoke,73; 79; 80; 82,"object, four to six feet in length, ten to fourteen inches wide, and of a metal color, bright like highly polished chromium.",high,"Ray A. Switzer reported seeing a metallic, rocket-shaped object crash with a puff of smoke near Placerville, California."
65_hs1-834228961_62-hq-83894_section_3,FBI,1947-07-29,day,"Canyon Ferry, Montana",USA,entity-sighted,,,"Bright disc, 5 feet in diameter, 3-4 inches thick, polished nickel appearance.",,"Hovering, fluttering, then disappeared at high speed.",none,,civilian,True,recorded-no-comment,,76,bright disc hovering and fluttering in the air,high,"R. J. Madden and two others reported seeing a bright, fluttering disc hovering and then disappearing at high speed."
65_hs1-834228961_62-hq-83894_section_3,FBI,1947-06-24,day,"Mt. Rainier, Washington",USA,close-approach,9,,"saucer-like, disc-shaped, no tails, bright reflection",,"flying in formation, swerving, high speed",none,,pilot-civilian,True,investigated,reflection,105; 106; 107; 108; 109; 110; 111; 112; 138; 139; 140; 141; 142,I observed a chain of nine peculiar looking aircraft,high,"Kenneth Arnold observed nine disc-like objects flying in formation near Mt. Rainier, Washington, at high speed."
65_hs1-834228961_62-hq-83894_section_3,FBI,1947-08-13,day,"Snake River Canyon, Idaho",USA,close-approach,1,10 ft,"oblong, inverted pie-plate, light sky blue, red tubular fiery glow",,"hovering, fluttering, high speed",none,,civilian,True,investigated,trees spun around as if in a vacuum,123; 124; 125; 128; 131; 133; 134,"It was all one color—sort of a light sky blue with a red, tubular fiery glow",high,A.C. Urie and his two sons observed a disc-shaped object flying through Snake River Canyon.
65_hs1-834228961_62-hq-83894_section_3,FBI,1947-05-17,day,"Oklahoma City, Oklahoma",USA,close-approach,1,,"elliptical then perfectly round and flat, frosty white",,moving at high speed,none,,civilian,True,investigated,swishing sound,136; 137,it appeared perfectly round and was flat,high,Byron B. Savage observed a disc-shaped object over Oklahoma City.
65_hs1-834228961_62-hq-83894_section_3,FBI,1947-09-17,year,"Fort Richardson, Alaska",USA,close-approach,1,2-10 ft,"spherical, silver, dull metal finish",,"traveling against the wind, high speed",none,,military,True,investigated,,150; 152,The object appeared to be shaped like a sphere,high,"Two army officers observed a spherical object traveling at high speed near Fort Richardson, Alaska."
65_hs1-834228961_62-hq-83894_section_3,FBI,1947-07-29,day,"Canyon Ferry, Montana",USA,close-approach,1,,"bright disc, polished nickel",,"hovering, fluttering, high speed",none,,civilian,True,investigated,,172; 173,a bright disc hovering and fluttering in the air,high,"R.J. Madden and two others observed a disc hovering and then disappearing at high speed near Canyon Ferry, Montana."
65_hs1-834228961_62-hq-83894_section_4,FBI,1947-09-11,day,"Portland, Oregon",USA,close-approach,,,"silvery metal, round or elliptical, bright reflection",,"steady flight, no oscillation, high speed",none,,civilian,True,investigated,sunlight reflection,2; 4,very bright reflection of the sun on some object which was apparently made of silvery metal,high,"Police officers in Portland, Oregon, observed a bright, silvery, round or elliptical object reflecting sunlight, moving steadily at high speed and altitude."
65_hs1-834228961_62-hq-83894_section_4,FBI,1947-07,month,"Bethel, Alaska",USA,close-approach,,,"dark, flying wing, size of C-54 without fuselage",,"flying at 1,000 feet, estimated 300 mph, concise outline",none,,civilian,True,investigated,none reported,5; 6,"did not blend into the sky but had a definite, concise outline",high,"Pilot Jack Peck and co-pilot Vince Daly observed a dark, wing-shaped object without fuselage or visible propulsion near Bethel, Alaska."
65_hs1-834228961_62-hq-83894_section_4,FBI,1948-12-07,day,"Lone Pine, California",USA,physical-trace,,,"8-foot diameter disc, 2 feet thick, 4-foot wings, aluminum construction",,"crashed, semi-vertical position",none,,civilian,True,debunked,crashed; dented,66; 68; 72; 74; 76; 80; 82; 91; 95; 96; 97; 98; 99,object which could be described as being 8' in diameter with wings about 4' long,high,"Lonnie Noack and companions located a crashed object in the California desert, described as a disc with wings and jet propulsion containers."
65_hs1-834228961_62-hq-83894_section_4,FBI,1948-07,month,"Montgomery, Alabama",USA,close-approach,,,,,,none,,pilot-civilian,False,recorded-no-comment,,115; 179; 180,unconventional type without wings and resembled generally a rocket ship,medium,"Eastern Airlines pilot and co-pilot reported an unconventional, wingless, rocket-ship-like craft with windows, larger than their plane, traveling at high speed near Montgomery, Alabama."
65_hs1-834228961_62-hq-83894_section_4,FBI,1949-04-16,day,"Fort Smith, Arkansas",USA,close-approach,,,,,,none,,civilian,True,recorded-no-comment,,133; 135; 136,brilliant object moving in a southeastern direction,high,"A post office employee observed a brilliant, mirror-like object moving at high altitude in Fort Smith, Arkansas."
65_hs1-834228961_62-hq-83894_section_4,FBI,1949-04,month,"Griffith Park, Los Angeles, California",USA,entity-sighted,,,,,,none,,civilian,False,forwarded-no-action,,139; 141,noticed an object sailing through the sky,medium,Three employees of the Department of Recreation and Parks observed objects appearing to be flying discs in Griffith Park.
65_hs1-834228961_62-hq-83894_section_4,FBI,1949-03-31,day,"Killeen Base, Camp Hood, Texas",USA,close-approach,,,,,,none,,military,True,recorded-no-comment,,145,"lighted object about the size of a basketball, reddish white in color",high,"A military officer observed a lighted, basketball-sized reddish-white object with a fire trail pass over Killeen Base."
65_hs1-834228961_62-hq-83894_section_4,FBI,1949-04-04,day,"Merced, California",USA,close-approach,,,,,,none,,military,True,recorded-no-comment,,157; 159,object was observed blanking out stars in describing a flight path,high,A major in the Air Force Reserve observed a solid mass object with a clicking noise that maneuvered in the sky.
65_hs1-834228961_62-hq-83894_section_4,FBI,1949-05-14,day,"Nobleboro, Maine",USA,close-approach,,,,,,none,,civilian,True,recorded-no-comment,,189; 194; 195; 196; 197; 198,"shape was angular, more like a piece of torn paper",medium,"A witness observed an angular, paper-like object in the sky that changed shape and appeared to be on fire."
65_hs1-834228961_62-hq-83894_section_5,FBI,1949-09-25,day,"Lubeck, West Virginia",United States,entity-sighted,1,,"bright canary yellow, rocket-shaped, needle nose, blunt rear, vertical and horizontal fins",,"traveling at high speed, dropping slightly",none,,civilian,True,investigated,,41; 42; 43,bright yellow object coming directly towards me,high,"A pilot reported observing a bright yellow, rocket-shaped object approximately 15-18 inches long, traveling at high speed near Parkersburg, West Virginia."
65_hs1-834228961_62-hq-83894_section_5,FBI,1950-03-09,day,"Denver, Colorado",United States,occupant-report,,,"human form, three feet tall",,dead,none,,unknown,False,debunked,,54; 55,"occupants of saucers described by him as of human form, but about three feet tall",medium,A lecturer at Denver University claimed to have observed crashed flying saucers in New Mexico and recovered human-like occupants approximately three feet tall.
65_hs1-834228961_62-hq-83894_section_5,FBI,1950-03-22,day,New Mexico,United States,occupant-report,3,,"human shape, three feet tall, metallic cloth suits",,,none,,civilian,False,recorded-no-comment,,68,"three bodies of human shape but only 3 feet tall, dressed in metallic cloth",medium,An informant reported observing a circular object with three-foot tall occupants in metallic cloth suits recovered in New Mexico.
65_hs1-834228961_62-hq-83894_section_5,FBI,1950-04-01,day,"Route 47, west of Geneva, Illinois",USA,close-approach,,,,,,none,,civilian,True,forwarded-no-action,,107,,high,"Miss Laura McChesney observed a silvery white, diamond-shaped object traveling west at high speed near Geneva, Illinois."
65_hs1-834228961_62-hq-83894_section_5,FBI,1950-04-08,day,"Elmira, New York",USA,physical-trace,,,,,,none,,federal-le,False,debunked,scorched grass,113; 115,,high,"Elmira Police Department reported a landed object near the airport, which was identified by the Resident Agent as a corrugated cardboard box with a radio tube and flare."
65_hs1-834228961_62-hq-83894_section_5,FBI,1950-01-22,day,"Kodiak, Alaska",USA,close-approach,,,,,,none,,military,True,investigated,,147; 148,,high,"Naval personnel reported multiple sightings of unidentified objects, including radar interference and visual sightings of fast-moving orange lights and fireballs."
65_hs1-834228961_62-hq-83894_section_5,FBI,1950-06-25,day,"Washington, D.C.",USA,close-approach,,,,,,none,,civilian,True,recorded-no-comment,,166; 167,,high,"Douglas Harrison observed a cigar-shaped, silver object at high altitude moving east over Washington, D.C."
65_hs1-834228961_62-hq-83894_section_5,FBI,1950-07-04,day,"Downers Grove, Illinois",USA,close-approach,,,,,,none,,civilian,True,recorded-no-comment,,169,,high,"Tage Stensig, a meteorologist, observed a large, bright, silvery object moving at high speed over Downers Grove, Illinois."
65_hs1-834228961_62-hq-83894_section_5,FBI,1950-07-01,day,"North Chicago, Illinois",USA,close-approach,,,,,,none,,civilian,True,recorded-no-comment,,174,,high,An informant observed a cigar-shaped object with a glowing front and dark rear traveling at high speed over the Great Lakes Naval Training Center.
65_hs1-834228961_62-hq-83894_section_5,FBI,1950-07-19,day,"Toronto, Ontario",Canada,close-approach,,,,,,none,,civilian,True,forwarded-no-action,,208,,high,"Walter D. Jones observed a hazy, light-emitting object circling over his farm near Toronto for 35 minutes."
65_hs1-834228961_62-hq-83894_section_6,FBI,1950-09-26,day,"Philadelphia, Pennsylvania",USA,physical-trace,,,"six-foot circular object, purplish glow, mist-like",,,none,,civilian,False,investigated,purplish glow; odorless residue; disintegration,8; 18,"object broke, leaving a slight odorless residue",medium,Two Philadelphia police officers observed a six-foot circular object with a purplish glow land in a field; it disintegrated into an odorless residue after 25 minutes.
65_hs1-834228961_62-hq-83894_section_6,FBI,1950-10-02,day,"Venus Boulevard, near 25th Street",USA,physical-trace,,,"round object, six feet in circumference, lavender color, pale violet",,,none,,federal-le,False,investigated,evaporation; red flashing pulsation,19,"leaving nothing but a red, flashing pulsation",medium,"Two FBI officers observed a round object, six feet in circumference, land in a field; it evaporated into a red, flashing pulsation."
65_hs1-834228961_62-hq-83894_section_6,FBI,1952-05-10,day,"Savannah River Plant, Ellenton, South Carolina",USA,entity-sighted,,,"disc-shaped, 15 inches in diameter, yellow to gold color",,"traveling at high speed and altitude, weaving from left to right, noiseless",none,,civilian,False,investigated,,140; 144; 148,"objects as being about fifteen inches in diameter, having yellow to gold color",high,"Four employees of the DuPont Company at the Savannah River Plant observed multiple disc-shaped objects over the 400 area on May 10, 1952. The objects were described as 15 inches in diameter, yellow to gold in color, traveling at high speed and altitude without noise, and weaving from left to right."
65_hs1-834228961_62-hq-83894_section_6,FBI,1952-05-25,day,"Ashland, Kentucky",USA,entity-sighted,,,"large oysters with fishtails, oval shape, light blue color",,"floating low like a cloud, circled and changed direction",none,,civilian,False,recorded-no-comment,,150; 151,looking like large oysters with fishtails floating low like a cloud,medium,"Three women observed strange objects floating in the sky over Ashland, Kentucky, on May 25, 1952. The objects were described as looking like large oysters with fishtails, oval in shape, and floating low like a cloud."
65_hs1-834228961_62-hq-83894_section_6,FBI,1952-03-29,day,"Ritchie Highway, Baltimore, Maryland",USA,close-approach,,,"flat disk with a cupola or dome, luminous silver color, neon-like lights around edges, 50 feet in diameter",,"hovered, wavered slightly, turned on edge, moved at high speed",none,,civilian,True,debunked,engine stall; paint cracking,153; 157; 158; 164,flat disk with a cupola or dome in the center of one side,high,"Donald Stewart and George Tyler III claimed to have observed a disc-like aircraft on Ritchie Highway near Baltimore, Maryland, on March 29, 1952. Stewart claimed the object hovered 200 feet above his car, causing the engine to stop and paint to crack, and that he considered firing a sub-machine gun at it."
65_hs1-834228961_62-hq-83894_section_7,FBI,1952-08-08,day,"Savannah River Plant, South Carolina",USA,entity-sighted,,,,,,none,,civilian,False,recorded-no-comment,,3,,medium,Two employees of the E. I. DuPont Company observed a saucer-shaped object with a blue light and orange fringe flying at high speed over the Savannah River Plant.
65_hs1-834228961_62-hq-83894_section_7,FBI,1952-08-26,day,"West Palm Beach, Florida",USA,physical-trace,,,,,,none,,civilian,False,investigated,burns; loss of consciousness; singed hair,44,,high,"A scoutmaster reported an unidentified object 30 feet in diameter hovering over him; he claimed it shot a 'red blob' that caused him to lose consciousness, leaving his cap burned and arm hair singed."
65_hs1-834228961_62-hq-83894_section_7,FBI,1917,year,"Roadstown, New Jersey",USA,entity-sighted,,,,,,none,,civilian,True,recorded-no-comment,,48; 50,,medium,"A witness reported seeing a pale yellow object that fell toward Earth, moved horizontally, and then rose and disappeared into space."
65_hs1-834228961_62-hq-83894_section_7,FBI,1952-07-28,day,"Franklin, Indiana",USA,close-approach,,,"round and flat, one large yellowish-white, two smaller orange and red",,"barrel rolls, loops, spins, 90 and 45 degree turns, hovering",none,,civilian,False,recorded-no-comment,engine stall; radar readings,123,dancing up and down as if someone was playing with a giant yo-yo,high,"Three objects, one large and two small, observed over Franklin, Indiana, performing aerial maneuvers for over four hours."
65_hs1-834228961_62-hq-83894_section_7,FBI,1952-09-22,day,"Los Angeles, California",USA,close-approach,,,"disc shaped, yellowish-white, 50 feet in diameter",,,none,,civilian,False,recorded-no-comment,,123,remained in a stationary position for about 4 seconds,medium,"A disc-shaped object sighted in the East of Los Angeles, remaining stationary before moving north."
65_hs1-834228961_62-hq-83894_section_7,FBI,1952-10-11,day,"Charleston, West Virginia",USA,occupant-report,2,,two small men in red,red,"emerged from trap, climbed tree, looked around, re-entered craft",none,,civilian,False,recorded-no-comment,white light,116,two small men in red emerged from a trap in the top,medium,"A large metal ball landed in Charleston, West Virginia; two small men in red emerged from a trap in the top."
65_hs1-834228961_62-hq-83894_section_7,FBI,1953-07-08,day,"Mableton, Georgia",USA,occupant-report,3,,"21 inches long, pointed head, large ears, pinkish skin, no hair",,running toward saucer,none,,civilian,True,investigated,blood,154; 156; 159; 160; 161; 163,looked as if it belonged to monkey family,high,"Three small animals encountered on Bankhead Highway near Mableton, Georgia; one killed by automobile."
65_hs1-834228961_62-hq-83894_section_8,FBI,1953,year,Nevada desert,USA,claimed-contact,,,ravishing woman commandant,,,none,,contactee-figure,False,investigated,,7,,medium,Truman Bethurum claimed to have been aboard flying saucers on eleven occasions and to have met a crew of space explorers led by a woman commandant in the Nevada desert.
65_hs1-834228961_62-hq-83894_section_8,FBI,1954,month,"South Berwick, Maine",USA,claimed-communication,,,"Space ships 150 miles wide, 200 miles long, 100 miles deep.",,Repairing fault lines in the Pacific Ocean.,telepathic,"Messages regarding flying saucers, life on other planets, and protection of Earth from atomic destruction.",civilian,False,investigated,buzzing sound in ear,12; 14; 15; 16; 17; 18; 19; 20,,high,"Mrs. Frances Swan claimed to receive telepathic messages from beings on space ships designated M-4 and L-11, managed by 'Affa' and 'Ponnar', who are repairing fault lines in the Pacific Ocean."
65_hs1-834228961_62-hq-83894_section_8,FBI,1954,year,"Muenster, Germany",Germany,occupant-report,4,,"Three and one-half feet in height, thick-set bodies, oversized heads, delicate legs.",rubber-like clothing,,none,,civilian,False,recorded-no-comment,,50,,low,Franz Hoge reported a cigar-shaped craft hovering six feet above the ground and observed four creatures.
65_hs1-834228961_62-hq-83894_section_8,FBI,1955-10-04,day,between Baku and Tiflis,Russia,close-approach,,,greenish-yellow glowing ball,,"rising rapidly, rotating, whirling",none,,government-civilian,True,investigated,engine stall,119; 120; 121; 123; 125,small greenish-yellow glowing ball rising quite rapidly in sky,high,Senator Richard B. Russell and his party observed two greenish-yellow glowing balls rising rapidly while traveling by train in Russia.
65_hs1-834228961_62-hq-83894_section_8,FBI,1956-04-06,day,"Route 1 near Henderson, North Carolina",United States,close-approach,,,"oval shaped, bright, light blue, spinning",,"approached car, accelerated, veered off",none,,civilian,True,investigated,rain,132; 133; 134,"oval-shaped, low-flying object coming directly towards their car",high,"Sylvia L. Richards and Joseph L. Morris, Jr. observed a low-flying, oval-shaped, bright light blue object while driving."
65_hs1-834228961_62-hq-83894_section_8,FBI,1956-05-04,day,"Oxford, Pennsylvania",United States,close-approach,,,"solid, bright, yellow light",,traveling at high speed,none,,civilian,True,investigated,,137; 139; 141,"solid, bright, yellow light, visible from all directions",high,Thomas Gamble (Billy Thomas Gambill) observed a bright yellow light traveling at high speed.
65_hs1-834228961_62-hq-83894_section_8,FBI,1956-07-30,day,"Van Nuys, California",United States,claimed-abduction,,,little green men,,,verbal,invited him to ride in their ship,civilian,False,dismissed,split tree,143; 144; 145,some little green men emerged from the vehicle and invited KITTREDGE to ride,medium,Tod Kittredge reported a spherical vehicle landed in his yard and entities invited him for a ride.
65_hs1-834228961_62-hq-83894_section_8,FBI,1944,year,Gut Alt Golssen,Germany,close-approach,,,"circular, 75-100 yards diameter, 14 feet high",,"rose vertically, moved horizontally",none,,civilian,True,recorded-no-comment,tractor engine stall,208; 213; 214,"circular in shape, seventy-five to one hundred yards in diameter",high,Wladyslaw Krasuski observed a circular vehicle while a prisoner of war in Germany.
65_hs1-834228961_62-hq-83894_section_9,FBI,1957-11-11,day,"Matahambre Mines, Pinar del Rio Province",Cuba,close-approach,,,,,,none,,civilian,False,recorded-no-comment,,4; 5,,medium,Two individuals claimed to have seen a flying disc in the shape of a man's hat hovering over the Matahambre Mines area for several minutes before it disappeared at high speed toward the sea.
65_hs1-834228961_62-hq-83894_section_9,FBI,1952,year,Michigan,USA,close-approach,,,human beings,,"hovering, motionless, silent, taking pictures",written,She claimed the entities left newspapers and magazines and provided a key to a strange print in a newspaper.,civilian,True,recorded-no-comment,dog became unconscious and ill,30; 31; 32; 33; 34; 35; 36; 37,I realized at once there were human beings guiding it.,high,"A woman reported that she and her three daughters observed a silent, motionless, dome-shaped object hovering near their farm, which she believed was taking pictures; she later found strange newspapers and magazines on her property."
65_hs1-834228961_62-hq-83894_section_9,FBI,1960-02-21,day,"Grand Blanc, Michigan",USA,close-approach,,,"flat on bottom, oval shaped, fluorescent glow",,,none,,civilian,True,forwarded-no-action,,108; 109; 110; 111; 112; 113; 114; 115,"it is flat on the bottom, is oval shaped, and appears to have a fluorescent glow",high,"A photographer reported observing a flat, oval-shaped object with a fluorescent glow and a vapor trail in a photograph he took of the moon through a telescope."
65_hs1-834228961_62-hq-83894_section_9,FBI,1960,year,"Giant Rock, California",USA,claimed-contact,Hundreds,Not stated,Appear just as humans do.,Not stated,Concerned with atom bombs; have the power to know thoughts; use crystal batteries to bend light and appear invisible.,telepathic,Space people communicate by knowing thoughts; many are mute but some are trained to speak earth languages.,contactee-figure,False,recorded-no-comment,magnetic field; invisibility,148; 152; 156; 160,I have also been visited by the people from outer space,medium,George W. Van Tassel claimed to have been visited by people from outer space and to have taken up a crusade to bring facts about them to the American people.
65_hs1-834228961_62-hq-83894_section_9,FBI,1960-05-03,day,"Grand Blanc, Michigan",USA,close-approach,,,,,,none,,civilian,False,dismissed,photographic anomaly,166; 167,what appeared to be a flying object somewhere in the vicinity of the moon,medium,"Joseph Perry claimed a photograph of the moon contained a flying object, which the Air Force attributed to a development error."
65_hs1-834228961_62-hq-83894_section_9,FBI,1964-04-24,day,"Socorro, New Mexico",USA,landing,2,,Two persons in apparent white coveralls.,White coveralls,"Adjacent to object, then disappeared.",none,,civilian,False,investigated,flame; smouldering areas; depressed areas in ground,226; 228; 229; 231; 233; 235,"oval shaped, similar to football, possibly twenty feet long",high,"Lonnie Zamora, a police officer, reported seeing a landed oval-shaped object with two occupants in white coveralls, which then took off with a roar and flames."
65_hs1-834228961_62-hq-83894_section_9,FBI,1964-04-26,day,"La Madera, New Mexico",USA,close-approach,,,Object shaped like a butane tank or telephone pole.,,Surrounded by blue-white flame from portholes.,none,,civilian,False,investigated,scorched circular area; indentations in ground,221; 222; 223; 224,"something shaped like a butane tank, possibly twelve to fourteen feet high",high,Orlando Gallegos reported seeing a butane-tank-shaped object on the ground surrounded by a blue-white flame.
65_hs1-834228961_62-hq-83894_serial_130,FBI,1947-07-06,day,"Green Acres, Birmingham, Alabama",USA,entity-sighted,7-10,2000 feet,"round, dim glow of light",,"traveling in a definite arc, some appeared to come straight up",none,,military,True,investigated,,14,The Discs were silent and appeared to be composed of a single light.,high,"Staff Sergeant Ira L. Livingston observed 7 to 10 glowing, round objects traveling in an arc at high speed over Green Acres, Birmingham, Alabama."
65_hs1-834228961_62-hq-83894_serial_130,FBI,1947-07-09,day,"Grand Falls, Newfoundland",Canada,entity-sighted,5,,"egg-shaped, phosphorus glow, barrel-head size",,"flying in rocking motion, terrific speed",none,,federal-le,True,investigated,,34; 35,I would describe as being a huge jelly-fish flash across the sky.,high,"Constable Eric Kearsey and others observed four egg-shaped, phosphorus-glowing objects in formation, followed by a single object, over Grand Falls, Newfoundland."
65_hs1-834228961_62-hq-83894_serial_130,FBI,1947-07-10,day,"Harmon Field, Newfoundland",Canada,physical-trace,1,,"circular like a wheel, silvery, translucent",,"horizontal flight, cut through clouds",none,,civilian,True,investigated,cloud disruption; bluish-black trail,18; 23; 24; 25; 26; 27; 28; 29,It cut a straight path right through the cloud.,high,"Three mechanics observed a circular, silvery object that cut through clouds and left a long bluish-black trail."
65_hs1-834228961_62-hq-83894_serial_130,FBI,1947-07-11,day,"Codroy, Newfoundland",Canada,entity-sighted,1,,"flame colored, disc shaped, cone-shaped trail",,high velocity,none,,civilian,True,investigated,,19; 20; 30; 31; 32; 33,"The circle was a bright red, nearest I could describe it would be the color of a flame.",high,"Three witnesses observed a flame-colored, disc-shaped object with a cone-shaped after-glow trail."
65_hs1-834228961_62-hq-83894_serial_130,FBI,1947-08-13,day,"Snake River Canyon, Idaho",USA,entity-sighted,1,75 feet,"sky blue, oblong, 20ft long, fiery red tubular glow",,"skimming canyon floor, rode up and down over hills",none,,civilian,True,investigated,burned weeds to ash,42; 43; 44; 45,It seemed to be powered by jets emitting a fiery glow on both sides.,high,"A.C. Urie and his sons observed a sky-blue, oblong object with a fiery red tubular glow skimming through Snake River Canyon."
65_hs1-834228961_62-hq-83894_serial_220,FBI,1950-03-16,day,Durango,Mexico,entity-sighted,,,,,,none,,civilian,False,recorded-no-comment,,5; 13,seen with their own eyes the flying saucers,medium,"Student German Horacio Robles Jr. reported observing and photographing a flying saucer over Durango, Mexico, describing it as a double truncated cone moving via jet propulsion."
65_hs1-834228961_62-hq-83894_serial_220,FBI,1950-01-28,day,Furnas,Brazil,entity-sighted,,,,,,none,,civilian,False,recorded-no-comment,,6,seen with their own eyes the flying saucers,medium,"Student Osvaldo Rhodes Jr. reported observing and photographing a flying saucer while a passenger on an airplane over Furnas, describing it as a double truncated cone."
65_hs1-834228961_62-hq-83894_serial_403,FBI,1952,year,West Virginia,United States,landing,,,,,,none,,civilian,False,recorded-no-comment,,2,,low,"Gray Barker investigated a report of a flying saucer landing near his home in West Virginia in 1952, finding the witnesses convincing."
65_hs1-834228961_62-hq-83894_serial_438,FBI,1964-04-24,day,"Socorro, New Mexico",USA,occupant-report,2,,"two individuals in white coveralls, normal shape, small adults or large kids",,"startled, jumped, then disappeared",none,,military,True,recorded-no-comment,four rectangular ground indentations; three burned patches of grass; three smooth circular marks in sand; burning brush,2; 3; 4; 5; 6; 7; 8; 9; 10; 11; 12; 13; 14; 15; 16; 17; 18; 19; 20; 21; 22; 23; 24; 25; 26; 27; 28; 29; 30; 31; 32; 33; 34; 35; 36; 37; 38; 40,unknown object which landed and has taken off,high,"Officer Lonnie Zamora observed a shiny, oval-shaped object on the ground near Socorro, NM, accompanied by two individuals in white coveralls. The object rose with a loud roar and flame, leaving physical traces in the ground and burning brush."
65_hs1-834228961_62-hq-83894_serial_449,FBI,1964-04,month,"Newark Valley, New York",USA,occupant-report,2,,human-like creatures,uniforms and hoods,,verbal,"The beings spoke in perfect but stilted, smooth English.",civilian,True,recorded-no-comment,no grass growing in landing spot,18,I know what I saw. I even talked with them and even joking with them.,high,Gary T. Wilcox reported an encounter with an egg-shaped craft and its occupants on his farm.
65_hs1-834228961_62-hq-83894_serial_449,FBI,1966-03-25,day,"Wichita, Kansas",USA,landing,1,,fellow in a fitted suit,,"landed like an airplane, top spun",none,,civilian,False,recorded-no-comment,three-foot deep hole in ground; sand swirled into driveway,13,When it started landing it had legs and put them down.,medium,"Johnny Sparks, age 11, reported two saucer-shaped objects landing in his driveway."
65_hs1-834228961_62-hq-83894_serial_449,FBI,1965-09-16,day,"Pretoria, South Africa",South Africa,physical-trace,,,shiny copper-colored object,,took off silently at great speed,none,,federal-le,False,recorded-no-comment,six-foot wide section of road burned; grass scorched,17,The shiny copper-colored object resembled a giant spinning top.,medium,Two police officers reported a copper-colored saucer-shaped object landing on a highway.
65_hs1-834228961_62-hq-83894_sub_a,FBI,1957-11-05,day,"Kearney, Nebraska",USA,claimed-contact,6,,Four men and two women in business suits.,Business suits,"Waved a flashlight, searched claimant for weapons, moved by stepping into specific locations.",verbal,Occupants spoke High German and English; told him he had nothing to fear and would find out more in a couple of weeks.,civilian,False,investigated,car engine stall; paralysis; oil stains on ground,6; 7; 8; 9,"I couldn't move. I don't know whether I was just afraid or what, but it was like being paralyzed",medium,"Reinhold O. Schmidt claimed to have encountered a cigar-shaped craft and its six occupants in a field near Kearney, Nebraska."
65_hs1-834228961_62-hq-83894_sub_a,FBI,1957-11-04,day,"White Sands, New Mexico",USA,close-approach,,,Brilliant colored egg-shaped object.,,,none,,civilian,False,investigated,car engine stall; radiation heat wave,9; 11,brilliant colored egg-shaped object,medium,James Stokes reported an egg-shaped object that caused car engines to stall near White Sands Proving Grounds.
65_hs1-834228961_62-hq-83894_sub_a,FBI,1957-11,month,"San Antonio, Texas",USA,landing,,,Egg-shaped object.,,,none,,government-civilian,False,recorded-no-comment,car engine stall; lights failure,9,egg-shaped object land in a ravine,low,"A Civil Service worker reported an egg-shaped object landing in a ravine near San Antonio, causing his car engine and lights to fail."
65_hs1-834228961_62-hq-83894_sub_a,FBI,1957-11-03,day,"Levelland, Texas",USA,close-approach,,,"Egg-shaped, glowing like a blinding-red sunset or neon light.",,,none,,federal-le,False,recorded-no-comment,car engine stall; headlight failure,14; 15,mysterious egg-shaped object which looked like a blinding-red sunset,medium,Sheriff Weir Clem and several motorists reported an egg-shaped object that caused car engines and headlights to fail.
65_hs1-834228961_62-hq-83894_sub_a,FBI,1957-11-03,day,"Levelland, Texas",USA,close-approach,,,"Egg-shaped, 200 feet long, glowing like a neon light.",,,none,,civilian,False,recorded-no-comment,car engine stall; headlight failure,15,glowed intermittently like a blinding neon light,medium,Herbert Long reported an egg-shaped object sitting in the road that caused his engine and lights to fail.
65_hs1-834228961_62-hq-83894_sub_a,FBI,1952-08,month,"Kutztown, Pennsylvania",USA,close-approach,,,Dome-shaped with three window-like openings and an antenna.,,,none,,civilian,False,recorded-no-comment,,49; 50,too frightened to approach it,medium,Herbert Long reported seeing a parked saucer-shaped craft 30 feet from his car.
65_hs1-834228961_62-hq-83894_sub_a,FBI,,,"Philadelphia, Pennsylvania",,landing,,,,,,none,,federal-le,False,recorded-no-comment,sticky odorless residue,69,,medium,"Four Philadelphia policemen reported seeing a saucer-like object land in a field, which then evaporated, leaving a sticky, odorless residue."
65_hs1-834228961_62-hq-83894_sub_a,FBI,1950-07-30,day,"Williamsville, Illinois",,close-approach,,,blue streak about 10 feet long shaped like a sausage,,dived suddenly and collided with plane,none,,pilot-civilian,True,recorded-no-comment,explosion,71,,high,"Pilot Jim Graham claimed a 'flying sausage' collided with his plane and exploded like a bomb, though no damage was found."
65_hs1-834228961_62-hq-83894_sub_a,FBI,1950-07-13,day,"Osceola, Arkansas",,close-approach,,,"helmet-shaped, shiny round object, 25 to 45 feet across, 7 feet high",,whizzing past training planes,none,,military,True,recorded-no-comment,radar contact,73,,high,Two pilots and an electronics instructor tracked a helmet-shaped object on radar for eight miles and observed it visually.
65_hs1-834228961_62-hq-83894_sub_a,FBI,,,"Fort Knox, Kentucky",,close-approach,,,,,,verbal,,military,True,recorded-no-comment,,84; 85,The thing looks metallic and is tremendous.,high,Capt. Thomas Mantell died after pursuing a metallic object he described as a silver ice cream cone topped with red.
65_hs1-834228961_62-hq-83894_sub_a,FBI,,,"Montgomery, Alabama",,close-approach,,,,,,none,,pilot-civilian,True,recorded-no-comment,rocking of aircraft,85,There was a tremendous burst of orange flame from the rear.,high,Airline pilots Chiles and Whitted reported a cigar-shaped object with orange flames that rocked their DC-3.
65_hs1-834228961_62-hq-83894_sub_a,FBI,,,Arkansas,,close-approach,,,,,,none,,pilot-civilian,True,recorded-no-comment,,85,"I've been a sceptic all my life about such things, but what can you do when you see a thing like that?",high,Airline pilots Adams and Anderson reported a flying saucer with windows on the bottom and a blinking light on top.
dow-uap-d12-mission-report-iraq-may-2022,Department of War,2022-05-20,day,38SMC79[REDACTED]70[REDACTED],,entity-sighted,1,,,,,none,,military,False,recorded-no-comment,,6,SCREENER COULD NOT GET A POSITIVE ID ON THE UAP,medium,An unidentified aerial phenomenon was observed by an aircraft screener moving north to north-east; the object could not be positively identified.
dow-uap-d19-mission-report-syria-february-21-2023,Department of War,2023-02-21,day,Shaddadi,Syria,entity-sighted,3,,2 white objects,,,none,,military,True,recorded-no-comment,,9,3X POSS UAP IVO SHADDADI,high,"Aircrew observed three possible UAP while cruising in CAP; no radar returns were received, but the objects were IR significant."
dow-uap-d25-mission-report-greece-january-2024,Department of War,2024-01-25,day,,United States,close-approach,,,"Round diamond shape with a straight, non-maneuverable tail probe.",,,none,,military,True,recorded-no-comment,,6; 7,The UAP appeared diamond in shape with a non-manuevering probe at the bottom.,high,Military aircraft observed a round diamond-shaped UAP with a non-maneuvering tail probe while in transit; it was detected only via SWIR camera for approximately two minutes.
dow-uap-d27-mission-report-united-arab-emirates-october-2023,Department of War,2024-06-07,day,40RFM,United Arab Emirates,close-approach,1,,glowing hot spherical object with a vertical unwavering cylindrical pole/bar attached on the bottom,,flying straight just over the water at speed of 140 knots,none,,military,True,recorded-no-comment,,6; 7,GLOWING HOT SPHERICAL UNIDENTIFIED OBJECT WITH A VERTICAL UNWAVERING CYLINDRICAL POLE/BAR ATTACHED ON THE BOTTOM,high,A glowing hot spherical object with a vertical cylindrical pole attached to the bottom was observed moving at 140 knots over water.
dow-uap-d3-mission-report-arabian-gulf-2020,Department of War,,unknown,,,entity-sighted,4,,,,,none,,military,False,recorded-no-comment,,7,4 UAP WERE OBSERVED BENEATH,medium,Four UAP were observed beneath an aircraft at specific intervals between 17:36:22 and 17:36:49 ZULU time.
dow-uap-d33-mission-report-greece-october-2023,Department of War,2023-10-27,day,35S KD 95,Greece,close-approach,,,"Seemingly circular, too small to make out details",,Performed sharp 90 degree turns at 80 mph,none,,military,True,recorded-no-comment,,6; 7,The UAP took multiple 90 degree turns at an estimated 80 mph.,high,Military aircraft observed a circular UAP flying just above the ocean surface performing 90-degree turns at 80 mph before disappearing from the sensor feed.
dow-uap-d48-report-september-1996,Department of War,1991-06,month,Eastern Range,USA,physical-trace,,,,,,none,,military,False,investigated,structural failure; radical pitch-up maneuver,15,The vehicle made a radical pitch-up maneuver due to aft-skirt structural failure,high,"A Joust vehicle experienced a radical pitch-up maneuver due to structural failure at T+14 seconds, resulting in an impact trace that would have been well away from the flight line if destruct action had been taken."
dow-uap-d48-report-september-1996,Department of War,1991-08-20,day,"Pad 20, Cape Canaveral",USA,physical-trace,,,,,,none,,military,False,investigated,near 90-degree turn; destruct action,15,"Within a second or two after clearing the launcher, the rocket made a near 90° right turn",high,A guided Red Tigress sounding rocket made a near 90-degree right turn shortly after launch and flew stably until destroyed by the safety officer.
dow-uap-d61-mission-report-persian-gulf-august-2020,Department of War,2020-08-27,day,Persian Gulf,Iran,entity-sighted,,,,,,none,,military,False,recorded-no-comment,,6; 7,observed a formation of flying objects traveling NE-NW along the coast,medium,A formation of unknown flying objects was observed by an ISR aircraft sensor traveling NE-NW along the coast for approximately two minutes before being lost in cloud cover.
dow-uap-d62-mission-report-strait-of-hormuz-september-2020,Department of War,2020-09-16,day,Arabian Gulf,Iran,close-approach,,,,,,none,,military,False,recorded-no-comment,,8,OBSERVED A UAP,medium,An unmanned aerial asset observed a UAP via Full Motion Video (FMV) while conducting ISR operations in the Arabian Gulf.
dow-uap-d74-mission-report-syria-november-2023,Department of War,2023-11-09,day,Syria,Syria,close-approach,,,bouncy ball shape,,"maintained 424 knots, dropped altitude, passed aircraft",none,,military,True,recorded-no-comment,,9; 10,observed 1x prob hc uap shaped as a bouncy ball,high,Military aircraft observed an unidentified aerial phenomenon shaped like a bouncy ball traveling at 424 knots for seven minutes.
nasa-uap-d2-apollo-17-transcript-1972,NASA,1972,year,Space (Apollo 17 mission),USA,close-approach,,,"Bright, jagged, angular fragments or objects; some flashing rhythmically.",,"Tumbling, drifting, or moving in a rhythmic flashing pattern.",none,,military,True,recorded-no-comment,,1; 2; 3; 7; 8; 9; 11,"It is a bright object, and it's obviously rotating because it's flashing.",high,"Astronauts observed unidentified bright, flashing objects in space while maneuvering, initially speculating they were debris or S-IVB fragments."
nasa-uap-d2-apollo-17-transcript-1972,NASA,1972,year,"Lunar surface, north of Grimaldi",Moon,close-approach,,,Bright little flash and thin streak of light.,,Stationary flash on lunar surface.,none,,military,True,recorded-no-comment,,16,"Hey, I just saw a flash on the lunar surface!",high,Astronaut observed a bright flash on the lunar surface near the Grimaldi crater.
nasa-uap-d4-apollo-11-technical-crew-debriefing-1969,NASA,1969-07,month,Translunar space,,close-approach,,,,,,none,,military,True,investigated,,2; 3; 4; 5,It was a hollow cylinder. But then you could change the focus on the sextant and it would be replaced by this open-book shape.,high,"Apollo 11 crew observed an unidentified object while in translunar flight, initially mistaking it for the S-IVB stage. The object appeared to have an L-shape or hollow cylinder structure and was seen tumbling."
nasa-uap-d4-apollo-11-technical-crew-debriefing-1969,NASA,1969-07,month,Apollo 11 spacecraft,,physical-trace,,,,,,none,,military,True,investigated,,6; 7; 8,It did give you a rather funny feeling to contemplate that something was zapping through the cabin.,high,"Astronauts observed unexplained light flashes inside the spacecraft cabin during sleep periods, which they speculated might be atomic particles or radiation penetration."
pursue-r1-record-index,Department of War,,,,,close-approach,,,,,,none,,military,True,recorded-no-comment,erratic movement,,solid white object [fly] through the [field-of-view],high,A U.S. military operator reported observing a solid white object making erratic movements above the water in the Persian Gulf.
pursue-r1-record-index,Department of War,,,,,close-approach,,,,,,none,,military,True,recorded-no-comment,,,formation of unknown flying objects,high,A U.S. military operator reported observing a formation of unknown flying objects traveling along the coast of the Persian Gulf.
pursue-r1-record-index,Department of War,,,,,close-approach,,,,,,none,,military,True,recorded-no-comment,,,"round, cold object",high,"A U.S. military operator reported observing a round, cold object over the Gulf of Aden, making abrupt directional changes."
pursue-r1-record-index,Department of War,,,,,close-approach,,,,,,none,,military,True,recorded-no-comment,,,balloon-shaped,high,"A U.S. military operator reported observing two balloon-shaped, metallic, reflective objects, with one circling the other."
pursue-r1-record-index,Department of War,,,,,close-approach,,,,,,none,,government-civilian,True,recorded-no-comment,,,orbs launching other orbs,high,"Seven federal government employees reported observing orbs launching other orbs, a large stationary glowing orb, and a translucent kite-like phenomenon in the western United States."
pursue-r1-record-index,Department of War,,,,,close-approach,,,,,,none,,civilian,True,recorded-no-comment,,,ellipsoid bronze metallic object,high,"Eyewitnesses reported an ellipsoid bronze metallic object materializing out of a bright light, 130-195 feet in length."
pursue-r1-record-index,Department of War,,,,,close-approach,,,,,,none,,military,True,recorded-no-comment,,,"diamond-shaped, with a non-maneuvering probe",high,A U.S. military operator reported observing a diamond-shaped UAP with a non-maneuvering probe at the bottom over the Mediterranean Sea.
pursue-r1-record-index,Department of War,,,,,close-approach,,,,,,none,,government-civilian,True,recorded-no-comment,,,super-hot orb hovering over the ground,high,"A senior U.S. intelligence official reported finding a super-hot orb hovering over the ground after a helicopter search, followed by a swarm of lights and multiple orbs flaring."
serial-3_redacted,FBI,September 2023,month,Restricted test site,United States,close-approach,,,,,,none,,civilian,True,recorded-no-comment,gate malfunction,1; 2,cigar shaped object with an extremely bright light,high,"Witness observed a silent, cigar-shaped, metallic bronze object with an intense diamond-white light hovering and moving slowly near a restricted test site."
serial_5_redacted_redacted,,,,,,close-approach,,,,,,none,,unknown,True,recorded-no-comment,,2,thought the light might have been a meteor,low,The claimant observed a light in the sky that they initially suspected might be a meteor heading toward them.
usper-statement-redacted,FBI,,day,,,close-approach,"Multiple, ranging from single orbs to swarms.",,"Oval shaped, orange color with white or yellow center, emitting light in all directions.",,"Stationary, flaring in brightness, moving at high speeds, breaking into multiple objects, and pursuing military aircraft.",none,,military,True,recorded-no-comment,,2; 3,The two orbs appeared to flare up and remain stationary side by side.,high,"Military helicopter crew and intelligence officials observed multiple instances of glowing, oval-shaped orbs that flared in brightness and performed complex maneuvers in close proximity to their aircraft and other military assets."
western_us_event_slides_5.08.2026,Department of War,,,Western U.S.,United States,close-approach,,,,,,none,,federal-le,True,investigated,,2,did almost appear it might have had a small spindle or something connecting it from underneath to the rock formation,high,"Federal agents observed a glowing orange orb hovering near a rock pinnacle, appearing to have a spindle connecting it to the rock."
western_us_event_slides_5.08.2026,Department of War,,,Western U.S.,United States,close-approach,,,,,,none,,federal-le,True,investigated,,3,"it almost looked like an ill defined, dark kite shape that had some rounded width to the sides",high,Federal agents pursued an object resembling a dark kite with two lights that moved laterally over the desert with zero resistance.
western_us_event_slides_5.08.2026,Department of War,,,Western U.S.,United States,close-approach,,,,,,none,,federal-le,True,investigated,,4,at one point my beam went from shining far into the distance to stopping about 50 yards away on nothing in particular,high,"Federal agents observed a transparent, kite-shaped object floating near the ground; a spotlight beam appeared to be blocked by an invisible barrier."
